slug,winner,up_shares,up_spend,down_shares,down_spend,combined_spend,payout_if_up,payout_if_down,gross_pnl,roi,gross_pnl_if_up,gross_pnl_if_down,combined_cost_ratio,price_sum,share_skew,notional_skew,payout_skew,winner_overweight,first_buy_s,last_buy_s
btc-updown-5m-1776387300,Down,861.8167,356.37122976998336,1177.90445,878.8804015240667,1235.25163129405,861.8167,1177.90445,-57.34718129404996,-0.046425505412183134,-373.43493129405,-57.34718129404996,1.0486857667394414,1.0139116666666665,0.731652469773758,0.40548319105989844,-316.08775,True,30,300
btc-updown-5m-1776387000,Down,575.17524,244.98279009840002,888.34476,729.3753469113,974.3581370096999,575.17524,888.34476,-86.01337700969998,-0.08827696279488627,-399.1828970096999,-86.01337700969998,1.0968243196590701,0.0,0.6474684895985654,0.3358802722573959,-313.1695199999999,True,104,306
btc-updown-5m-1776385800,Up,412.1808,305.73259199999995,226.51009,49.72977137015,355.46236337014994,412.1808,226.51009,56.71843662985003,0.15956242481510766,56.71843662985003,-128.95227337014995,0.8623942778755099,1.01,1.8197017183649522,6.1478784956472605,185.67070999999999,True,12,154
btc-updown-5m-1776385500,Up,643.63329,422.2588380612833,230.03073,97.54075762469999,519.7995956859833,643.63329,230.03073,123.83369431401673,0.23823353334969896,123.83369431401673,-289.76886568598326,0.807602098527227,1.008125,2.798031767320827,4.329050218022458,413.60256,True,14,224
btc-updown-5m-1776385200,Down,853.54294,242.82592332086668,998.74434,711.3932914255166,954.2192147463833,853.54294,998.74434,44.52512525361669,0.04666131698621347,-100.67627474638323,44.52512525361669,0.9554188960373816,1.0233308333333335,0.8546160471858094,0.3413385060664305,-145.20139999999992,True,20,246
btc-updown-5m-1776384900,Up,1453.07484,822.3687388781167,1096.77911,519.6858006619167,1342.0545395400334,1453.07484,1096.77911,111.02030045996662,0.08272413466744576,111.02030045996662,-245.27542954003343,0.9235962956595087,1.0232583333333334,1.324856415253934,1.5824344975958105,356.29573000000005,True,28,282
btc-updown-5m-1776384600,Down,640.48888,378.4407056054,814.61456,474.83402697136665,853.2747325767666,640.48888,814.61456,-38.66017257676663,-0.04530800116396097,-212.78585257676662,-38.66017257676663,1.047458239117119,1.0133366666666666,0.7862477685152104,0.7969957587479733,-174.12568,True,112,300
btc-updown-5m-1776383400,Down,861.7014,354.2294112043333,1231.88287,853.1378932755,1207.3673044798334,861.7014,1231.88287,24.515565520166547,0.020304977142584228,-345.66590447983333,24.515565520166547,0.9800991099745007,1.0394016666666668,0.6994994580937716,0.4152076868187398,-370.1814699999999,True,18,300
btc-updown-5m-1776383100,Down,229.35247,88.46274775421668,531.5812099999999,417.35815982848334,505.8209075827,229.35247,531.5812099999999,25.760302417299954,0.050927713803700835,-276.46843758269995,25.760302417299954,0.9515402314214606,0.9763225,0.431453305130932,0.21195883121243192,-302.2287399999999,True,24,170
btc-updown-5m-1776382800,Down,914.34822,312.99030567135,1169.07379,752.8129356573334,1065.8032413286833,914.34822,1169.07379,103.27054867131665,0.0968945717809738,-151.4550213286833,103.27054867131665,0.911664644648892,1.015915,0.7821133514591924,0.4157610620732179,-254.72556999999995,True,16,296
btc-updown-5m-1776382200,Up,1471.68648,1087.5024217322834,1251.32823,349.07379307556664,1436.5762148078502,1471.68648,1251.32823,35.11026519214988,0.02444023841564582,35.11026519214988,-185.24798480785012,0.9761428363518364,1.0039166666666666,1.1760994795106636,3.1153940608107,220.35825,True,36,298
btc-updown-5m-1776381900,Down,169.76546,35.83629944183333,295.9276,240.23511174133333,276.0714111831667,169.76546,295.9276,19.85618881683331,0.07192410373727257,-106.30595118316668,19.85618881683331,0.9329018691841068,0.0,0.573672276597384,0.14917178085283012,-126.16214,True,118,196
btc-updown-5m-1776380700,Up,584.5344,375.492096,915.05695,320.2451500218833,695.7372460218833,584.5344,915.05695,-111.20284602188326,-0.15983454480513115,-111.20284602188326,219.31970397811676,0.7603212521601888,0.9627966666666666,0.6387956509154976,1.172514543855985,-330.52255,False,10,214
btc-updown-5m-1776380400,Up,1113.5584,755.3934934891,629.52241,226.30824675613334,981.7017402452334,1113.5584,629.52241,131.8566597547665,0.13431437915331404,131.8566597547665,-352.17933024523336,0.8815898117649092,0.9580616666666666,1.7688939778966721,3.337896450159422,484.03598999999986,True,62,224
btc-updown-5m-1776378900,Down,740.78725,224.82178051556667,820.63783,559.0968819419166,783.9186624574834,740.78725,820.63783,36.71916754251663,0.04684053244428038,-43.13141245748341,36.71916754251663,0.9552553316454877,1.1113216666666668,0.9026969302645967,0.4021159619683283,-79.85058000000004,True,14,292
btc-updown-5m-1776378600,Up,1496.6407,655.52211156465,1497.10011,665.7652233275,1321.28733489215,1496.6407,1497.10011,175.35336510784987,0.13271402856681666,175.35336510784987,175.81277510785003,0.8825644498096724,1.0173,0.9996931334137701,0.9846145286597355,-0.45941000000016174,False,12,306
btc-updown-5m-1776378300,Up,294.11337000000003,214.1338795154,168.5088,19.175712,233.3095915154,294.11337000000003,168.5088,60.80377848460003,0.2606141397345277,60.80377848460003,-64.8007915154,0.7932641467995827,0.0,1.7453887868170683,11.16693239423913,125.60457000000002,True,48,256
btc-updown-5m-1776378000,Down,918.52728,370.64538518545,1169.69263,763.4403274568666,1134.0857126423166,918.52728,1169.69263,35.606917357683415,0.031397024899222595,-215.55843264231657,35.606917357683415,0.9695587400959487,1.0323562499999999,0.7852723497112228,0.48549358981352864,-251.16535,True,24,296
btc-updown-5m-1776377700,Down,395.4192,74.689104,415.08389999999997,348.18704585390003,422.8761498539,395.4192,415.08389999999997,-7.792249853900046,-0.018426789632359733,-27.456949853900028,-7.792249853900046,1.0187727104180626,1.045,0.9526247585126766,0.21450856627026754,-19.664699999999982,True,20,304
btc-updown-5m-1776377400,Down,1037.56276,474.99714230318335,1272.62746,641.8767151408167,1116.8738574440001,1037.56276,1272.62746,155.7536025559998,0.13945496308101138,-79.3110974440001,155.7536025559998,0.8776125712736076,1.0148791666666668,0.8152918215358955,0.7400130447152568,-235.0646999999999,True,12,298
btc-updown-5m-1776377100,Down,709.45413,565.4494633949,1135.41003,287.5707848054667,853.0202482003667,709.45413,1135.41003,282.3897817996333,0.33104698557319884,-143.56611820036676,282.3897817996333,0.7512882797066419,0.0,0.6248439869779906,1.9662966242464797,-425.95590000000004,True,106,270
btc-updown-5m-1776375900,Up,1000.33774,734.8881756508999,1260.51171,473.63960405849997,1208.5277797094,1000.33774,1260.51171,-208.1900397093999,-0.17226748379707155,-208.1900397093999,51.98393029060003,0.9587596609549942,1.03,0.7935965465961439,1.5515767037929808,-260.17396999999994,False,14,250
btc-updown-5m-1776375600,Down,1634.1234,1015.3195903628666,1801.1490900000001,1012.1004158081666,2027.4200061710333,1634.1234,1801.1490900000001,-226.27091617103315,-0.11160534841439505,-393.2966061710333,-226.27091617103315,1.1256258670796837,1.0441566666666666,0.9072671491064628,1.0031806869204074,-167.02569000000017,True,38,286
btc-updown-5m-1776375300,Down,1364.6288,374.0948744538333,942.88237,710.3860700828667,1084.4809445367,1364.6288,942.88237,-141.59857453669997,-0.1305680613846029,280.14785546329995,-141.59857453669997,0.7947076483632033,0.0,1.4472948518488047,0.5266078407339759,421.7464299999999,False,34,300
btc-updown-5m-1776375000,Up,806.64498,363.0525007918,349.45973,207.91091859648333,570.9634193882833,806.64498,349.45973,235.6815606117167,0.4127787395980995,235.6815606117167,-221.50368938828336,0.7078249211794305,0.0,2.308263043641681,1.746192567675668,457.18525000000005,True,26,192
btc-updown-5m-1776374700,Up,531.05031,408.96505892555,340.87824,89.47939120000001,498.44445012555,531.05031,340.87824,32.60585987444995,0.06541523306405972,32.60585987444995,-157.56621012555001,0.9386011847456601,0.0,1.5578885586830065,4.57049442828071,190.17206999999996,True,94,240
btc-updown-5m-1776373500,Up,814.18019,468.0723072337167,348.5162,194.3954398114,662.4677470451167,814.18019,348.5162,151.7124429548834,0.2290110630013074,151.7124429548834,-313.9515470451166,0.8136623258361477,0.0,2.3361329832013547,2.407835840634094,465.66399,True,10,192
btc-updown-5m-1776373200,Down,630.00447,235.76997964166665,875.42028,546.7965105738833,782.56649021555,630.00447,875.42028,92.8537897844501,0.11865290802175094,-152.56202021554998,92.8537897844501,0.8939323295269672,1.0198049999999999,0.7196594417483679,0.43118413355311513,-245.41581000000008,True,16,274
btc-updown-5m-1776372900,Up,645.4971,449.2029084263833,513.68724,167.22151693026666,616.42442535665,645.4971,513.68724,29.07267464335007,0.04716340470533633,29.07267464335007,-102.73718535665,0.9549607974329396,1.03,1.2565955502418165,2.6862745696398997,131.80986000000007,True,30,220
btc-updown-5m-1776372600,Up,1358.33731,1064.3489697683167,1313.64719,437.37883168465,1501.7278014529666,1358.33731,1313.64719,-143.39049145296667,-0.09548367641208486,-143.39049145296667,-188.08061145296665,1.1055632429421869,1.02927,1.0340198801780256,2.4334716101114653,44.69011999999998,True,28,288
btc-updown-5m-1776372300,Up,295.27498,231.19910173906666,171.22681,55.689187991666664,286.88828973073333,295.27498,171.22681,8.386690269266694,0.02923329591855508,8.386690269266694,-115.66147973073333,0.9715970168916218,0.0,1.724466980375328,4.1515976453753165,124.04817000000003,True,86,154
btc-updown-5m-1776371100,Down,737.14494,175.74738917348333,829.13632,680.8871505393333,856.6345397128166,737.14494,829.13632,-27.49821971281665,-0.03210029299313021,-119.48959971281658,-27.49821971281665,1.0331648958675657,0.0,0.88905156150921,0.2581152971300356,-91.99137999999994,True,32,292
btc-updown-5m-1776370800,Down,169.20322,28.3302219189,589.66231,449.5142643887167,477.8444863076167,169.20322,589.66231,111.81782369238334,0.23400463308976974,-308.6412663076167,111.81782369238334,0.8103697289175845,0.0,0.2869493558101076,0.06302407768399867,-420.45909000000006,True,12,248
btc-updown-5m-1776370500,Down,170.82936999999998,50.05525925166667,531.59628,417.15018675265003,467.2054460043167,170.82936999999998,531.59628,64.3908339956833,0.13782124019823255,-296.3760760043167,64.3908339956833,0.878872677597211,0.0,0.32135170321357404,0.1199933761059228,-360.76691,True,32,194
btc-updown-5m-1776370200,Up,295.28059,231.06652363291667,172.43131,71.73631302218334,302.8028366551,295.28059,172.43131,-7.522246655099991,-0.024842061382892584,-7.522246655099991,-130.3715266551,1.025474910677671,1.01,1.7124534401553873,3.2210537996490416,122.84928000000002,True,16,102
btc-updown-5m-1776369900,Down,398.42304,114.62365568,885.0966,683.2564228854333,797.8800785654332,398.42304,885.0966,87.21652143456674,0.10931031338867325,-399.4570385654332,87.21652143456674,0.9014610140468658,0.0,0.450146390800733,0.167760816935957,-486.67355999999995,True,18,246
btc-updown-5m-1776369600,Down,1783.59429,775.6592172040333,1627.11946,922.4806408715,1698.1398580755333,1783.59429,1627.11946,-71.02039807553342,-0.04182246694098528,85.45443192446669,-71.02039807553342,0.952088637868163,1.02123,1.0961667743805363,0.8408406451448571,156.4748300000001,False,8,302
btc-updown-5m-1776369300,Down,1505.24232,774.3502095580167,1906.86099,933.6767160098667,1708.0269255678834,1505.24232,1906.86099,198.83406443211652,0.11641155151345657,-202.78460556788332,198.83406443211652,0.8957270270487223,1.0157283333333333,0.7893823031116706,0.8293558105071496,-401.61866999999984,True,20,296
btc-updown-5m-1776369000,Up,807.53832,375.27831179198336,403.90809,190.12245454233334,565.4007663343167,807.53832,403.90809,242.1375536656833,0.42825826932556615,242.1375536656833,-161.49267633431668,0.7001534816754166,1.01084,1.9993120712189745,1.973876850555927,403.63023,True,8,252
btc-updown-5m-1776368700,Up,1064.31007,850.5094036433833,1199.82111,404.56919334388334,1255.0785969872666,1064.31007,1199.82111,-190.76852698726657,-0.15199727526642065,-190.76852698726657,-55.257486987266475,1.0460547714377741,1.03,0.887057296399794,2.10225943456958,-135.5110400000001,False,106,298
btc-updown-5m-1776367500,Up,1158.73456,611.31613085235,702.99359,473.0443073679833,1084.3604382203334,1158.73456,702.99359,74.37412177966667,0.06858800741728502,74.37412177966667,-381.3668482203334,0.935814357880491,0.0,1.6482860960368075,1.2923020557074465,455.74097000000006,True,22,248
btc-updown-5m-1776367200,Up,1523.09767,1026.9981202409167,1380.87439,595.4137861280833,1622.411906369,1523.09767,1380.87439,-99.3142363689999,-0.06121394695091195,-99.3142363689999,-241.53751636900006,1.0652054285980228,1.0499999999999998,1.1029950884960653,1.7248477347482722,142.22328000000016,True,14,292
btc-updown-5m-1776366900,Up,469.86685,332.8730377879167,227.04042,57.156052832600004,390.0290906205167,469.86685,227.04042,79.83775937948332,0.20469693491956062,79.83775937948332,-162.98867062051667,0.8300842900930693,1.02707625,2.0695295137315197,5.823933271999085,242.82643,True,128,244
btc-updown-5m-1776365700,Up,527.85073,363.48690899666667,287.03641,114.89164629166666,478.37855528833336,527.85073,287.03641,49.47217471166664,0.10341637216962672,49.47217471166664,-191.34214528833337,0.9062762029112537,0.9984166666666666,1.838967850803318,3.1637366225383365,240.81432,True,8,216
btc-updown-5m-1776365400,Up,407.84253,244.1839490031,112.56363999999999,15.711633504799998,259.8955825079,407.84253,112.56363999999999,147.94694749210004,0.5692553373338038,147.94694749210004,-147.33194250789998,0.6372449251624149,0.0,3.6232173195536324,15.541601637315454,295.27889000000005,True,8,124
btc-updown-5m-1776365100,Up,294.08473,213.57797946803333,114.1248,36.5208,250.09877946803334,294.08473,114.1248,43.98595053196664,0.1758743110443238,43.98595053196664,-135.97397946803335,0.8504310287311869,1.01,2.576869619924854,5.848118865633648,179.95992999999999,True,20,52
btc-updown-5m-1776364800,Up,1111.36405,724.5820309995333,572.52462,208.48042158355,933.0624525830833,1111.36405,572.52462,178.3015974169166,0.1910928865729274,178.3015974169166,-360.5378325830833,0.839565084531107,1.0277566666666667,1.9411637703894722,3.4755399355768857,538.8394299999999,True,10,252
btc-updown-5m-1776364500,Up,466.85854,290.41020350071665,626.96753,192.24638166996667,482.65658517068334,466.85854,626.96753,-15.798045170683338,-0.03273144023321805,-15.798045170683338,144.31094482931667,0.7698270836620252,0.0,0.7446295344832291,1.510614665295859,-160.10899,False,18,260
btc-updown-5m-1776364200,Up,1167.49923,732.1022514424833,1101.55836,589.6373868756666,1321.73963831815,1167.49923,1101.55836,-154.24040831815,-0.11669500092651644,-154.24040831815,-220.1812783181499,1.132111785905118,0.0,1.0598614402962725,1.2416143679791074,65.9408699999999,True,14,282
btc-updown-5m-1776363900,Up,354.08178,273.41867514385,57.0624,18.259968,291.67864314385,354.08178,57.0624,62.403136856149956,0.21394482703135034,62.403136856149956,-234.61624314385003,0.8237606666568668,1.0324083333333334,6.205168026581426,14.973666719670593,297.01937999999996,True,152,226
btc-updown-5m-1776363600,Down,405.96000000000004,217.57262400000002,701.51084,452.86434121008335,670.4369652100834,405.96000000000004,701.51084,31.07387478991666,0.04634868958960157,-264.47696521008334,31.07387478991666,0.955704355488054,0.0,0.5786938374323625,0.48043664338559233,-295.55084,True,46,216
btc-updown-5m-1776363300,Up,588.27104,429.5935566085667,918.82633,375.12420757726665,804.7177641858334,588.27104,918.82633,-216.44672418583343,-0.2689722208441883,-216.44672418583343,114.10856581416658,0.87581051817032,1.0291970833333335,0.6402418180593497,1.1452035030825907,-330.55529,False,84,284
btc-updown-5m-1776362100,Up,1437.9378,619.7516361934834,928.63863,512.5368804720833,1132.2885166655667,1437.9378,928.63863,305.6492833344332,0.26993940045822257,305.6492833344332,-203.64988666556667,0.7874391483870629,1.003845,1.5484363384710798,1.2091844700475944,509.2991699999999,True,24,298
btc-updown-5m-1776361800,Down,169.98205000000002,38.702649264083334,119.0496,105.9576,144.66024926408335,169.98205000000002,119.0496,-25.61064926408335,-0.17703999125101766,25.321800735916668,-25.61064926408335,0.8510325017499397,0.0,1.4278254609843293,0.36526543885557367,50.93245000000002,False,38,186
btc-updown-5m-1776361500,Up,527.11936,353.75547855733333,287.80276,125.66228952751666,479.41776808484997,527.11936,287.80276,47.70159191515006,0.09949900710961462,47.70159191515006,-191.61500808485,0.909505141463311,0.0,1.831529899157326,2.8151283880584588,239.31660000000005,True,26,278
btc-updown-5m-1776361200,Up,59.4384,51.711408,0,0,51.711408,59.4384,0,7.726992000000003,0.1494252873563219,7.726992000000003,-51.711408,0.87,0.0,0.0,0.0,59.4384,True,140,140
btc-updown-5m-1776360000,Up,937.49582,636.7571545089834,464.82731,261.1500324073,897.9071869162833,937.49582,464.82731,39.58863308371667,0.044089894435166976,39.58863308371667,-433.0798769162833,0.9577719364298428,0.9960600000000001,2.0168690604689297,2.43828097067157,472.66850999999997,True,16,252
btc-updown-5m-1776359700,Up,351.18,232.642028,455.32848,131.06589552,363.70792352,351.18,455.32848,-12.527923520000002,-0.03444501125725709,-12.527923520000002,91.62055648,0.7987814061619866,1.005,0.7712673716346493,1.7750004841228892,-104.14848,False,14,182
btc-updown-5m-1776359400,Down,410.78328999999997,287.85239358403334,807.8643,382.64005290105,670.4924464850833,410.78328999999997,807.8643,137.37185351491667,0.20488202996925609,-259.7091564850833,137.37185351491667,0.8299567718057146,1.0229175000000001,0.5084805579352869,0.7522798290498653,-397.08101,True,38,270
btc-updown-5m-1776359100,Down,56.0688,5.0461920000000005,466.64924,286.97433056395,292.02052256395,56.0688,466.64924,174.62871743605,0.5980015236696516,-235.95172256395,174.62871743605,0.6257816311110889,0.0,0.12015191538724032,0.017584123256193105,-410.58044,True,36,146
btc-updown-5m-1776358800,Down,338.8752,62.865359999999995,823.34722,597.71593102,660.58129102,338.8752,823.34722,162.76592898,0.24639803032973281,-321.70609102,162.76592898,0.8023119225689497,1.01,0.41158236982934127,0.10517598199653219,-484.47202,True,90,298
btc-updown-5m-1776357600,Down,510.36823000000004,122.48425647676667,764.42423,553.5272947135167,676.0115511902833,510.36823000000004,764.42423,88.41267880971668,0.13078575159558234,-165.64332119028325,88.41267880971668,0.8843408210520529,1.0082733333333334,0.6676505139037784,0.22127952432799103,-254.05599999999993,True,30,268
btc-updown-5m-1776357300,Up,1048.54803,626.5287697033,1030.4436,377.18864123503334,1003.7174109383334,1048.54803,1030.4436,44.83061906166654,0.04466458245429485,44.83061906166654,26.726189061666673,0.9572450495551772,1.0393183333333333,1.0175695496580306,1.661048879022044,18.104429999999866,True,12,240
btc-updown-5m-1776357000,Down,345.12756,147.4367682654,642.82254,411.44780177108333,558.8845700364833,345.12756,642.82254,83.93796996351671,0.15018838318981922,-213.75701003648328,83.93796996351671,0.8694227959655604,0.0,0.5368939925473055,0.3583365074032628,-297.69498,True,84,206
btc-updown-5m-1776356700,Down,931.20534,545.5990211929833,929.93198,528.9342365142166,1074.5332577072,931.20534,929.93198,-144.60127770719998,-0.1345712444636148,-143.32791770719996,-144.60127770719998,1.1539165547603067,1.0118208333333332,1.0013693044517085,1.0315063452662678,1.2733600000000251,False,20,290
btc-updown-5m-1776356400,Down,349.8878,213.3939096793667,175.63308,116.78043652539999,330.17434620476666,349.8878,175.63308,-154.54126620476666,-0.46805958119145835,19.713453795233363,-154.54126620476666,0.943657784594852,0.0,1.9921520478943944,1.8273087173548377,174.25472000000002,False,20,140
btc-updown-5m-1776356100,Up,354.06277,273.32263484875,172.39679999999998,71.25936,344.58199484875,354.06277,172.39679999999998,9.480775151249986,0.0275138437091336,9.480775151249986,-172.18519484875003,0.9732228973092822,0.0,2.053766485224784,3.8356032786254324,181.66597000000002,True,16,134
btc-updown-5m-1776355800,Down,290.74822,166.29857200251666,231.24418,114.07440852723335,280.37298052975,290.74822,231.24418,-49.12880052975001,-0.17522658723006662,10.375239470249994,-49.12880052975001,0.9643153809497097,1.1121433333333335,1.2573212437173553,1.4578078830258907,59.50404,False,16,248
btc-updown-5m-1776355500,Down,1625.11106,890.3243425623334,1337.93979,772.03114846995,1662.3554910322835,1625.11106,1337.93979,-324.41570103228355,-0.19515422710868485,-37.2444310322835,-324.41570103228355,1.0229180835384157,1.1775000000000002,1.2146369157613588,1.1532233438078539,287.17127000000005,False,24,300
btc-updown-5m-1776355200,Up,413.07013,318.6659170879167,632.4384,265.624128,584.2900450879167,413.07013,632.4384,-171.21991508791672,-0.29303924742060883,-171.21991508791672,48.14835491208328,0.9238687041898732,0.0,0.6531389143986197,1.1996873909282695,-219.36827,False,38,250
btc-updown-5m-1776354900,Up,294.97429,226.59986981786665,229.8048,94.22515200000001,320.8250218178666,294.97429,229.8048,-25.85073181786663,-0.08057579696056928,-25.85073181786663,-91.02022181786663,1.0876372371906264,1.27,1.2835862871445678,2.404876670486736,65.16949,True,8,144
btc-updown-5m-1776353700,Up,58.2216,34.253708,0,0,34.253708,58.2216,0,23.967892,0.6997167138810197,23.967892,-34.253708,0.5883333333333334,0.0,0.0,0.0,58.2216,True,8,8
btc-updown-5m-1776353400,Up,1523.36653,1028.0012147105167,1915.01435,1042.1692924474835,2070.170507158,1523.36653,1915.01435,-546.803977158,-0.2641347537641578,-546.803977158,-155.15615715800004,1.0810208848607323,1.1395833333333334,0.7954856996241307,0.9864052051431167,-391.6478199999999,False,16,304
btc-updown-5m-1776353100,Down,401.41195000000005,154.6754592435,589.04911,440.03998049813333,594.7154397416333,401.41195000000005,589.04911,-5.6663297416332625,-0.009527799957732607,-193.30348974163326,-5.6663297416332625,1.009619452173747,1.1582345833333334,0.6814575273698317,0.3515031953878476,-187.63716,True,134,208
btc-updown-5m-1776352800,Up,354.86251,284.88304047595,281.21089,36.65591132666667,321.5389518026167,354.86251,281.21089,33.323558197383306,0.10363770240141748,33.323558197383306,-40.32806180261667,0.906094452757539,0.0,1.2619088471289286,7.771817154869139,73.65161999999998,True,22,234
btc-updown-5m-1776352500,Down,682.65364,192.70578581066667,939.60321,664.4094331298833,857.11521894055,682.65364,939.60321,82.48799105945,0.09623909275745973,-174.46157894055,82.48799105945,0.9122097602673687,1.0375,0.7265339589463514,0.2900407131531428,-256.94957,True,18,264
btc-updown-5m-1776352200,Up,1166.40531,715.8873453649667,916.6902,344.47775010848335,1060.36509547345,1166.40531,916.6902,106.04021452655002,0.10000349405994297,106.04021452655002,-143.67489547345008,0.909088021447236,1.01,1.2724094901418168,2.0781816681614953,249.7151100000001,True,10,276
btc-updown-5m-1776351900,Up,352.9584,257.60568,342.24349,108.18862124163334,365.7943012416333,352.9584,342.24349,-12.835901241633337,-0.035090489923062816,-12.835901241633337,-23.550811241633312,1.036366612160621,1.03,1.0313078562867624,2.381079239605539,10.714909999999975,True,30,178
btc-updown-5m-1776351600,Up,1164.72313,690.3904723594667,692.51438,325.9824349562667,1016.3729073157333,1164.72313,692.51438,148.35022268426678,0.14596042615506497,148.35022268426678,-323.85852731573334,0.872630482847656,1.01,1.6818757323133133,2.1178762973903438,472.2087500000001,True,8,236
btc-updown-5m-1776351300,Down,223.7568,13.456512,356.21078,304.31785319669996,317.77436519669993,223.7568,356.21078,38.43641480330007,0.12095505180069581,-94.01756519669993,38.43641480330007,0.8920964300875451,0.0,0.6281584178895429,0.04421860846692488,-132.45398,True,58,216
btc-updown-5m-1776351000,Down,525.30152,329.57766448946666,933.34087,576.6303195687667,906.2079840582334,525.30152,933.34087,27.13288594176663,0.029941124354542277,-380.9064640582334,27.13288594176663,0.970929285522698,1.0297166666666666,0.5628185123833697,0.5715579866420162,-408.03935,True,64,242
